Datetime,Open,High,Low,Close,Volume,Dividends,Stock Splits,Rolling Mean,Rolling std,Bollinger High,Bollinger Low,Garch forecast,Position BB,,
2025-01-16 06:00:00+00:00,3367.488525,3382.02124,3364.759521,3377.621826,67106816,0,0,,,,,0.548812171,,,
2025-01-16 07:00:00+00:00,3379.4021,3386.325195,3378.393799,3382.558838,0,0,0,,,,,0.487326315,,,
2025-01-16 08:00:00+00:00,3382.707764,3382.707764,3303.057373,3319.124023,811456512,0,0,,,,,0.945916677,,,
2025-01-16 09:00:00+00:00,3315.4646,3335.04248,3301.950928,3334.710449,506996736,0,0,,,,,0.851693335,,,
2025-01-16 10:00:00+00:00,3334.925537,3340.735352,3329.37793,3334.253174,0,0,0,,,,,0.744787589,,,
2025-01-16 11:00:00+00:00,3334.016602,3353.304688,3322.123291,3351.948242,288657408,0,0,,,,,0.691093696,,,
2025-01-16 12:00:00+00:00,3348.390381,3361.535645,3343.711426,3360.07959,495529984,0,0,,,,,0.616670682,,,
2025-01-16 13:00:00+00:00,3354.624756,3354.624756,3313.828857,3327.878662,0,0,0,,,,,0.676760149,,,
2025-01-16 14:00:00+00:00,3327.829102,3339.461914,3266.893066,3279.292236,0,0,0,,,,,0.896501343,,,
2025-01-16 15:00:00+00:00,3277.115967,3326.693115,3274.809326,3326.693115,0,0,0,,,,,1.062630994,,,
2025-01-16 16:00:00+00:00,3332.113281,3354.645508,3330.806152,3337.920654,204886016,0,0,,,,,0.935666604,,,
2025-01-16 17:00:00+00:00,3340.133789,3362.854736,3333.404297,3346.640137,146272256,0,0,,,,,0.824249017,,,
2025-01-16 18:00:00+00:00,3343.689697,3348.091064,3313.435547,3325.505127,41693184,0,0,,,,,0.778528331,,,
2025-01-16 19:00:00+00:00,3325.236328,3343.541992,3320.746582,3343.541992,0,0,0,,,,,0.721584378,,,
2025-01-16 20:00:00+00:00,3344.746338,3351.7854,3329.211426,3335.613281,0,0,0,,,,,0.643912257,,,
2025-01-16 21:00:00+00:00,3337.184082,3337.184082,3311.981689,3319.198486,0,0,0,,,,,0.604585533,,,
2025-01-16 22:00:00+00:00,3316.798584,3316.798584,3271.572021,3295.603271,17770496,0,0,,,,,0.608481774,,,
2025-01-16 23:00:00+00:00,3299.471924,3309.866699,3290.673584,3308.602051,180924416,0,0,,,,,0.559995809,,,
2025-01-17 00:00:00+00:00,3308.671387,3315.605469,3308.671387,3313.2854,0,0,0,,,,,0.501075844,,,
2025-01-17 01:00:00+00:00,3313.358154,3387.092529,3313.358154,3387.092529,966017024,0,0,3335.358154,27.58642105,3390.530996,3280.185312,1.0970951,,,
2025-01-17 02:00:00+00:00,3385.584717,3393.299805,3355.692871,3367.329346,1006581760,0,0,3334.84353,26.84246857,3388.528467,3281.158593,1.001979224,,,
2025-01-17 03:00:00+00:00,3372.796387,3374.591797,3357.772705,3357.772705,0,0,0,3333.604224,25.03484216,3383.673908,3283.534539,0.885945413,,,
2025-01-17 04:00:00+00:00,3359.350586,3369.060791,3348.381104,3368.799805,113788928,0,0,3336.088013,25.96940679,3388.026826,3284.149199,0.790550557,,,
2025-01-17 05:00:00+00:00,3369.640625,3372.099121,3359.511963,3366.39209,603797504,0,0,3337.672095,26.83285965,3391.337814,3284.006375,0.697889444,,,
2025-01-17 06:00:00+00:00,3365.369873,3373.989258,3364.660645,3366.177734,0,0,0,3339.268323,27.55851991,3394.385363,3284.151283,0.618194729,,,
2025-01-17 07:00:00+00:00,3366.456787,3382.501953,3362.608398,3370.949951,292419584,0,0,3340.218408,28.33526754,3396.888943,3283.547873,0.552097243,,,
2025-01-17 08:00:00+00:00,3376.101318,3410.712646,3373.648438,3406.31543,0,0,0,3342.5302,31.72440735,3405.979015,3279.081385,0.636184217,1,3406.31543,15.25854492
2025-01-17 09:00:00+00:00,3406.424316,3412.383301,3400.931396,3403.672363,0,0,0,3346.319885,34.30420006,3414.928285,3277.711485,0.567517889,,,
2025-01-17 10:00:00+00:00,3403.238037,3435.902588,3403.238037,3424.344482,468449280,0,0,3353.572498,34.71834722,3423.009192,3284.135803,0.553951565,1,3424.344482,-22.99511719
2025-01-17 11:00:00+00:00,3426.214111,3429.007813,3417.124268,3421.573975,114024448,0,0,3358.316541,37.24279503,3432.802131,3283.83095,0.497529044,,,
2025-01-17 12:00:00+00:00,3421.915039,3423.473877,3402.899658,3407.446777,0,0,0,3361.792847,38.46364227,3438.720131,3284.865562,0.472447646,,,
2025-01-17 13:00:00+00:00,3408.262207,3419.239746,3396.951904,3401.349365,0,0,0,3364.528308,39.26632568,3443.060959,3285.995657,0.431682933,,,
2025-01-17 14:00:00+00:00,3403.196289,3428.57959,3403.196289,3428.57959,0,0,0,3369.682031,40.61603462,3450.9141,3288.449962,0.474108846,,,
2025-01-17 15:00:00+00:00,3426.90332,3446.962646,3408.177979,3420.42749,0,0,0,3373.526306,41.63741616,3456.801138,3290.251474,0.437224954,,,
2025-01-17 16:00:00+00:00,3420.954834,3446.595703,3413.630127,3440.904053,0,0,0,3378.790845,43.21785085,3465.226546,3292.355143,0.441809674,,,
2025-01-17 17:00:00+00:00,3439.521729,3442.111572,3411.844727,3413.009766,53248,0,0,3383.481409,41.46496783,3466.411344,3300.551473,0.490250746,,,
2025-01-17 18:00:00+00:00,3414.749268,3430.043945,3412.582031,3412.582031,0,0,0,3389.330347,36.35179377,3462.033934,3316.626759,0.443443016,,,
2025-01-17 19:00:00+00:00,3413.271484,3443.510254,3413.271484,3434.355957,305745920,0,0,3395.618042,32.30378085,3460.225604,3331.01048,0.452786184,,,
2025-01-17 20:00:00+00:00,3429.552002,3524.229736,3429.552002,3504.900391,1789992960,0,0,3405.198792,34.90988663,3475.018565,3335.379018,0.93812603,1,3504.900391,
2025-01-17 21:00:00+00:00,3515.082031,3522.221924,3469.94458,3474.360107,690130944,0,0,3409.56217,37.85705308,3485.276277,3333.848064,0.929099635,,,
2025-01-17 22:00:00+00:00,3474.162354,3486.724365,3471.552246,3473.383545,16132096,0,0,3414.86488,39.03922089,3492.943322,3336.786439,0.813756763,,,
2025-01-17 23:00:00+00:00,3465.953125,3484.203369,3465.880615,3475.550049,0,0,0,3420.753748,38.85651923,3498.466786,3343.040709,0.718656429,,,
2025-01-18 00:00:00+00:00,3474.06665,3490.756348,3471.925049,3489.961182,269910016,0,0,3426.811816,39.76457392,3506.340964,3347.282669,0.658606301,,,
2025-01-18 01:00:00+00:00,3488.111328,3488.111328,3458.59082,3467.777588,0,0,0,3431.881091,38.08363756,3508.048366,3355.713816,0.641101963,,,
2025-01-18 02:00:00+00:00,3469.327393,3474.168701,3449.913574,3450,0,0,0,3436.072205,34.95633417,3505.984873,3366.159536,0.607589238,,,
2025-01-18 03:00:00+00:00,3449.595947,3454.205811,3374.498291,3387.217285,933869568,0,0,3436.885571,33.52110461,3503.927781,3369.843362,0.981566571,,,
2025-01-18 04:00:00+00:00,3382.810791,3392.536133,3353.443359,3365.478027,826789888,0,0,3434.843701,36.58497228,3508.013646,3361.673757,0.917394251,,,
2025-01-18 05:00:00+00:00,3365.142334,3366.109863,3294.401367,3294.401367,667168768,0,0,3429.380151,47.89579318,3525.171738,3333.588565,1.412744914,-1,3294.401367,
2025-01-18 06:00:00+00:00,3303.018311,3335.711182,3303.018311,3313.672852,1131560960,0,0,3423.84657,54.45255968,3532.751689,3314.94145,1.267297861,,,
2025-01-18 07:00:00+00:00,3312.530273,3312.568115,3281.321045,3289.424316,589062144,0,0,3417.239087,62.20828544,3541.655658,3292.822516,1.176334087,,,
2025-01-18 08:00:00+00:00,3280.763916,3292.460693,3254.325195,3292.460693,628228096,0,0,3411.489783,68.18713143,3547.864046,3275.11552,1.026882665,,,
2025-01-18 09:00:00+00:00,3290.5271,3296.969727,3255.119629,3267.611572,327376896,0,0,3404.802893,75.40907194,3555.621037,3253.984749,0.976570764,,,
2025-01-18 10:00:00+00:00,3267.752197,3272.098877,3231.810547,3268.258057,887201792,0,0,3396.786816,81.05814866,3558.903114,3234.670519,0.857445752,,,
2025-01-18 11:00:00+00:00,3262.947998,3319.49292,3248.290039,3312.605957,1027956736,0,0,3391.39574,82.96616536,3557.32807,3225.463409,0.986755421,,,
2025-01-18 12:00:00+00:00,3311.616943,3318.245117,3273.905029,3289.368408,460146688,0,0,3383.818958,85.09890779,3554.016773,3213.621142,0.93256513,,,
2025-01-18 13:00:00+00:00,3288.256348,3316.446045,3279.55542,3316.446045,320131072,0,0,3378.990771,86.08913267,3551.169037,3206.812506,0.904033151,,,
2025-01-18 14:00:00+00:00,3318.656494,3322.209473,3292.725098,3297.019043,0,0,0,3373.212622,87.58114669,3548.374915,3198.050329,0.842341944,,,
2025-01-18 15:00:00+00:00,3296.215088,3337.874268,3287.37793,3309.093994,0,0,0,3366.949524,87.45731317,3541.86415,3192.034898,0.759288199,,,
2025-01-18 16:00:00+00:00,3305.091553,3311.067139,3264.394531,3265.937744,961566720,0,0,3355.001392,83.86851602,3522.738424,3187.26436,0.898675731,,,
2025-01-18 17:00:00+00:00,3254.954346,3280.968994,3254.954346,3261.738281,191680512,0,0,3344.3703,81.38140686,3507.133114,3181.607487,0.795051325,,,
2025-01-18 18:00:00+00:00,3257.01416,3280.144531,3255.7229,3261.507324,318511104,0,0,3333.776489,77.39611481,3488.568719,3178.98426,0.70372932,,,
2025-01-18 19:00:00+00:00,3262.685547,3288.714111,3260.359131,3285.010742,10973184,0,0,3324.249524,70.44075812,3465.13104,3183.368008,0.689580812,,,
2025-01-18 20:00:00+00:00,3287.11377,3287.409668,3257.05542,3261.41333,0,0,0,3312.822131,59.89132061,3432.604773,3193.03949,0.682453289,,,
2025-01-18 21:00:00+00:00,3263.114746,3281.199219,3262.247314,3270.219238,0,0,0,3302.944214,48.125266,3399.194746,3206.693682,0.615991781,,,
2025-01-18 22:00:00+00:00,3271.415283,3284.468018,3271.415283,3279.401123,0,0,0,3294.41427,33.62209281,3361.658456,3227.170084,0.559423978,,,
2025-01-18 23:00:00+00:00,3278.054688,3315.456055,3277.899902,3306.181885,454719488,0,0,3290.3625,25.82960124,3342.021702,3238.703298,0.585256928,,,
2025-01-19 00:00:00+00:00,3305.155762,3318.607666,3296.399658,3314.317627,294004736,0,0,3287.80448,19.83727755,3327.479035,3248.129925,0.531478903,,,
2025-01-19 01:00:00+00:00,3312.595215,3359.712158,3312.595215,3348.934326,1135636480,0,0,3290.531128,24.08480743,3338.700743,3242.361513,0.612723823,1,3348.934326,
2025-01-19 02:00:00+00:00,3349.704834,3373.392822,3346.471191,3351.844238,164098048,0,0,3292.439697,27.31144585,3347.062589,3237.816806,0.54991434,,,
2025-01-19 03:00:00+00:00,3350.725342,3360.718262,3331.137939,3335.543213,0,0,0,3294.745642,28.94173759,3352.629117,3236.862167,0.526651488,,,
2025-01-19 04:00:00+00:00,3331.451904,3332.702393,3279.986816,3279.986816,198887424,0,0,3294.121948,29.12738031,3352.376709,3235.867188,0.83326198,,,
2025-01-19 05:00:00+00:00,3279.608643,3296.571045,3257.558838,3295.013916,0,0,0,3295.492065,28.4513736,3352.394813,3238.589318,0.763024977,,,
2025-01-19 06:00:00+00:00,3294.886475,3296.169434,3283.276367,3283.422119,0,0,0,3296.250269,27.88380729,3352.017883,3240.482654,0.695144798,,,
2025-01-19 07:00:00+00:00,3280.064941,3288.334717,3259.840332,3270.101563,0,0,0,3294.125049,28.18971684,3350.504483,3237.745615,0.642276777,,,
2025-01-19 08:00:00+00:00,3270.352295,3270.352295,3213.562012,3217.742676,0,0,0,3290.543762,32.97021908,3356.4842,3224.603324,0.902852487,-1,,
2025-01-19 09:00:00+00:00,3217.23291,3226.175049,3146.693115,3221.783447,2221682688,0,0,3285.810632,35.7348966,3357.280426,3214.340839,0.800205521,,,
2025-01-19 10:00:00+00:00,3222.206299,3222.206299,3171.145996,3172.352051,223440896,0,0,3279.577283,43.66909191,3366.915467,3192.239099,1.012760679,-1,,
2025-01-19 11:00:00+00:00,3169.961426,3179.103271,3130.178711,3147.185547,111300608,0,0,3271.48186,52.10233876,3375.686538,3167.277183,0.974369671,,,
2025-01-19 12:00:00+00:00,3146.091797,3203.688232,3144.348145,3203.688232,611680256,0,0,3268.369385,54.26538543,3376.900156,3159.838614,1.257279053,,,
2025-01-19 13:00:00+00:00,3203.833252,3262.076904,3192.313721,3262.076904,1041317888,0,0,3268.386316,54.26326037,3376.912837,3159.859795,1.521900488,,,
2025-01-19 14:00:00+00:00,3262.261719,3390.685303,3260.756592,3379.673828,6516518912,0,0,3274.294641,59.64145097,3393.577543,3155.011739,3.011530286,,,
2025-01-19 15:00:00+00:00,3377.249512,3414.983887,3358.104004,3382.578369,1773019136,0,0,3279.173022,64.36716622,3407.907355,3150.43869,2.5639357,,,
2025-01-19 16:00:00+00:00,3383.624268,3414.443848,3383.624268,3405.734131,0,0,0,3286.389063,70.10533145,3426.599725,3146.1784,2.263429581,,,
2025-01-19 17:00:00+00:00,3406.306885,3440.590088,3388.760986,3440.590088,997543936,0,0,3294.907605,77.94923252,3450.80607,3139.00914,2.088346825,,,
2025-01-19 18:00:00+00:00,3441.156494,3443.908691,3404.521484,3425.090332,209235968,0,0,3302.192065,83.06351353,3468.319092,3136.065038,1.831806762,,,
2025-01-19 19:00:00+00:00,3425.674805,3427.072021,3406.541992,3410.567627,104525824,0,0,3307.411353,86.53442358,3480.4802,3134.342505,1.611466379,,,
2025-01-19 20:00:00+00:00,3413.413574,3423.903564,3370.853516,3372.658936,615043072,0,0,3310.328418,87.75422853,3485.836875,3134.819961,1.56764401,,,
2025-01-19 21:00:00+00:00,3372.289795,3372.289795,3212.786865,3221.346191,3788292096,0,0,3303.949011,89.42175991,3482.792531,3125.105491,4.155039871,,,
2025-01-19 22:00:00+00:00,3230.648682,3291.997559,3173.948242,3256.733887,4153352192,0,0,3299.193494,89.26948793,3477.73247,3120.654518,3.723598609,,,
2025-01-19 23:00:00+00:00,3238.041504,3238.041504,3161.840576,3202.11084,3161755648,0,0,3292.521875,91.37122595,3475.264327,3109.779423,3.596774612,,,
2025-01-20 00:00:00+00:00,3212.884277,3218.010742,3147.656006,3173.56665,2803916800,0,0,3287.200867,95.15977503,3477.520417,3096.881317,3.202434063,,,
2025-01-20 01:00:00+00:00,3175.462891,3214.341797,3175.462891,3189.177734,1302659072,0,0,3281.909058,97.61355028,3477.136158,3086.681957,2.788340131,,,
2025-01-20 02:00:00+00:00,3196.231201,3267.171875,3196.231201,3248.047607,1644388352,0,0,3280.140332,97.90474409,3475.94982,3084.330844,2.84668524,,,
2025-01-20 03:00:00+00:00,3241.842041,3272.435791,3229.762695,3264.281738,601481216,0,0,3279.849341,97.94479218,3475.738925,3083.959756,2.486795651,,,
2025-01-20 04:00:00+00:00,3269.08252,3293.366699,3250.979248,3267.449707,0,0,0,3282.334692,96.91109263,3476.156878,3088.512507,2.146377724,,,
2025-01-20 05:00:00+00:00,3268.490234,3308.161133,3267.341309,3285.649414,286240768,0,0,3285.527991,95.85735801,3477.242707,3093.813275,1.891658661,,,
2025-01-20 06:00:00+00:00,3286.642822,3443.356445,3285.658936,3398.051025,2726858752,0,0,3296.812939,95.11479691,3487.042533,3106.583346,3.127654753,,,
2025-01-20 07:00:00+00:00,3398.051025,3427.646973,3352.547363,3376.373047,2733830144,0,0,3308.272314,89.79648797,3487.86529,3128.679339,2.759084793,,,
2025-01-20 08:00:00+00:00,3381.900635,3403.204346,3381.085693,3386.604492,0,0,0,3317.418127,87.87849199,3493.175111,3141.661143,2.398567078,,,
2025-01-20 09:00:00+00:00,3388.169678,3404.118896,3353.437744,3363.810059,0,0,0,3322.504785,87.44984617,3497.404477,3147.605093,2.140139394,,,
2025-01-20 10:00:00+00:00,3359.911621,3384.416992,3342.815674,3349.019287,0,0,0,3320.972058,86.66018651,3494.292431,3147.651685,1.881063644,,,
2025-01-20 11:00:00+00:00,3349.925781,3377.225586,3338.277832,3373.110107,0,0,0,3320.498645,86.33116374,3493.160973,3147.836318,1.697052591,,,
2025-01-20 12:00:00+00:00,3371.936768,3373.293457,3264.209961,3299.858154,458764288,0,0,3315.204846,84.04534569,3483.295538,3147.114155,2.122796793,,,
2025-01-20 13:00:00+00:00,3293.38916,3343.408203,3293.38916,3335.417725,114892800,0,0,3309.946228,78.92128751,3467.788803,3152.103653,1.992380941,,,
2025-01-20 14:00:00+00:00,3337.733887,3352.646484,3329.80127,3350.868164,0,0,0,3306.23512,74.8626168,3455.960353,3156.509886,1.758545802,,,
2025-01-20 15:00:00+00:00,3347.849365,3374.802246,3319.465332,3329.528809,0,0,0,3302.183179,71.01251774,3444.208214,3160.158143,1.586193292,,,
2025-01-20 16:00:00+00:00,3333.331055,3375.979248,3279.348877,3375.368652,274911232,0,0,3302.318665,71.15649542,3444.631655,3160.005674,1.628499194,,,
2025-01-20 17:00:00+00:00,3376.460205,3376.460205,3228.121338,3292.163818,3963191296,0,0,3305.859546,68.63232039,3443.124187,3168.594905,2.229949061,,,
2025-01-20 18:00:00+00:00,3290.072021,3338.355957,3282.529297,3329.026611,1183154176,0,0,3309.474182,67.80761612,3445.089414,3173.85895,2.099686087,,,
2025-01-20 19:00:00+00:00,3326.422607,3359.265869,3311.244873,3342.769775,411496448,0,0,3316.507129,63.2255968,3442.958323,3190.055935,1.852458216,,,
2025-01-20 20:00:00+00:00,3339.528809,3339.528809,3314.864746,3319.833984,55721984,0,0,3323.820496,53.53868579,3430.897867,3216.743124,1.680992192,,,
2025-01-20 21:00:00+00:00,3318.435547,3331.496826,3286.21875,3286.21875,0,0,0,3328.672546,44.29316024,3417.258867,3240.086226,1.606810272,,,
2025-01-20 22:00:00+00:00,3279.92041,3318.994873,3256.364258,3315.484375,0,0,0,3332.044385,40.21125663,3412.466898,3251.621872,1.505124383,,,
2025-01-20 23:00:00+00:00,3314.30835,3315.63208,3262.251221,3277.711182,0,0,0,3332.715857,39.11740846,3410.950674,3254.48104,1.49183204,,,
2025-01-21 00:00:00+00:00,3280.370117,3283.538574,3221.246826,3221.246826,0,0,0,3330.405713,44.20776333,3418.82124,3241.990186,1.696959875,-1,,
2025-01-21 01:00:00+00:00,3222.030518,3255.028564,3204.704834,3249.038574,0,0,0,3328.575171,46.83828153,3422.251734,3234.898608,1.578688661,,,
2025-01-21 02:00:00+00:00,3246.525146,3266.967285,3228.372559,3253.65918,0,0,0,3321.355579,46.69369891,3414.742976,3227.968181,1.386913405,,,
2025-01-21 03:00:00+00:00,3253.671875,3262.665527,3247.523926,3257.731445,0,0,0,3315.423499,46.87219234,3409.167883,3221.679114,1.218144256,,,
2025-01-21 04:00:00+00:00,3258.239746,3258.239746,3214.310547,3241.927734,0,0,0,3308.189661,46.47091403,3401.131489,3215.247833,1.102268248,,,
2025-01-21 05:00:00+00:00,3243.503906,3248.147461,3217.31958,3220.570801,0,0,0,3301.027698,48.44363673,3397.914971,3204.140424,1.029779561,,,
2025-01-21 06:00:00+00:00,3220.01001,3247.947754,3214.957275,3238.567627,0,0,0,3295.505115,48.97745034,3393.460015,3197.550214,0.946207238,,,
2025-01-21 07:00:00+00:00,3238.470215,3260.043213,3233.267334,3249.265381,0,0,0,3289.312878,46.41104932,3382.134977,3196.49078,0.8458608,,,
2025-01-21 08:00:00+00:00,3251.036377,3258.396973,3234.892334,3247.593262,0,0,0,3286.699634,47.24987725,3381.199388,3192.199879,0.74371655,,,
2025-01-21 09:00:00+00:00,3249.924316,3271.016846,3249.924316,3270.510986,0,0,0,3283.454297,45.93842721,3375.331151,3191.577442,0.726624871,,,
2025-01-21 10:00:00+00:00,3271.556641,3304.493164,3270.719238,3300.465088,0,0,0,3280.934143,43.35542024,3367.644984,3194.223303,0.756599624,,,
2025-01-21 11:00:00+00:00,3300.257568,3309.504883,3291.825684,3302.153076,270630912,0,0,3279.565356,42.15603028,3363.877417,3195.253296,0.67044021,,,
2025-01-21 12:00:00+00:00,3302.284912,3321.82251,3292.985352,3303.805176,0,0,0,3275.987183,36.21479609,3348.416775,3203.55759,0.59489954,,,
2025-01-21 13:00:00+00:00,3303.154785,3308.556152,3292.553955,3302.634277,0,0,0,3276.510706,36.53521751,3349.581141,3203.440271,0.529105856,,,
2025-01-21 14:00:00+00:00,3305.509521,3327.794189,3280.179932,3280.179932,638574592,0,0,3274.068372,34.410726,3342.889824,3205.24692,0.542593808,,,
2025-01-21 15:00:00+00:00,3290.320801,3296.665527,3266.959961,3289.519287,0,0,0,3271.405847,30.6722319,3332.750311,3210.061383,0.496370362,,,
2025-01-21 16:00:00+00:00,3292.443604,3344.516602,3290.022705,3312.563232,0,0,0,3271.04231,30.10589476,3331.254099,3210.83052,0.512199955,,,
2025-01-21 17:00:00+00:00,3312.761719,3353.630127,3309.303711,3350.010498,0,0,0,3274.231897,34.81009697,3343.852091,3204.611703,0.622122094,1,,
2025-01-21 18:00:00+00:00,3350.571777,3363.872314,3330.656006,3346.274902,0,0,0,3275.771423,37.32089793,3350.413219,3201.129627,0.560573735,,,
2025-01-21 19:00:00+00:00,3345.461182,3345.461182,3320.055664,3331.863525,0,0,0,3278.479041,39.37677412,3357.232589,3199.725492,0.530153816,,,
2025-01-21 20:00:00+00:00,3332.190918,3336.802246,3306.266846,3307.406006,0,0,0,3282.787,37.45182815,3357.690656,3207.883343,0.549623522,,,
2025-01-21 21:00:00+00:00,3312.086182,3334.283203,3303.755371,3332.025146,126275584,0,0,3286.936328,38.10736188,3363.151052,3210.721604,0.562211883,,,
2025-01-21 22:00:00+00:00,3332.015381,3345.79248,3328.124756,3340.023682,0,0,0,3291.254553,39.02037706,3369.295307,3213.213799,0.513888358,,,
2025-01-21 23:00:00+00:00,3334.09668,3334.09668,3310.97998,3325.743164,334784512,0,0,3294.655139,38.90852465,3372.472188,3216.83809,0.489607884,,,
2025-01-22 00:00:00+00:00,3327.859131,3362.796143,3325.703857,3360.012939,15347712,0,0,3300.559399,39.44206249,3379.443524,3221.675274,0.570987726,,,
2025-01-22 01:00:00+00:00,3362.164795,3362.164795,3324.821777,3324.821777,0,0,0,3305.771948,34.94727106,3375.66649,3235.877406,0.653959612,,,
2025-01-22 02:00:00+00:00,3328.977051,3344.368652,3324.586914,3341.428223,0,0,0,3310.914978,31.97931678,3374.873612,3246.956344,0.615863447,,,
2025-01-22 03:00:00+00:00,3341.823242,3346.813965,3329.81665,3331.469482,0,0,0,3315.025183,28.75925155,3372.543686,3257.50668,0.56614035,,,
2025-01-22 04:00:00+00:00,3330.704834,3331.873779,3318.727539,3328.675537,0,0,0,3319.079297,24.08903203,3367.257361,3270.901233,0.512760564,,,
2025-01-22 05:00:00+00:00,3331.80249,3338.719971,3319.969727,3319.969727,0,0,0,3321.552234,21.2069397,3363.966113,3279.138354,0.474347776,,,
2025-01-22 06:00:00+00:00,3319.370117,3322.660889,3306.316895,3309.013916,0,0,0,3321.979675,20.84256665,3363.664809,3280.294542,0.446151526,,,
2025-01-22 07:00:00+00:00,3308.996338,3310.397949,3288.812012,3289.038818,0,0,0,3321.323962,21.68827714,3364.700517,3277.947408,0.453886787,,,
2025-01-22 08:00:00+00:00,3288.145996,3299.388672,3275.194092,3298.289063,146413568,0,0,3321.048157,21.95620437,3364.960565,3277.135748,0.423064662,,,
2025-01-22 09:00:00+00:00,3298.912842,3302.428467,3292.261719,3298.207031,0,0,0,3320.826794,22.17287263,3365.17254,3276.481049,0.387526372,,,
2025-01-22 10:00:00+00:00,3297.724854,3306.099121,3291.282959,3305.118164,0,0,0,3322.073706,20.39683563,3362.867377,3281.280035,0.361301773,,,
2025-01-22 11:00:00+00:00,3306.173096,3328.594971,3304.284668,3328.594971,0,0,0,3324.02749,18.93337129,3361.894233,3286.160748,0.393628865,,,
2025-01-22 12:00:00+00:00,3325.307129,3328.318604,3311.945557,3316.945068,0,0,0,3324.246582,18.81873351,3361.884049,3286.609115,0.37810826,,,
2025-01-22 13:00:00+00:00,3316.463623,3317.719971,3283.638184,3286.005127,86032384,0,0,3321.046313,19.63153348,3360.30938,3281.783247,0.45806135,,,
2025-01-22 14:00:00+00:00,3286.340088,3309.999023,3273.331543,3297.438965,0,0,0,3318.604517,19.36372463,3357.331966,3279.877067,0.431654844,,,
2025-01-22 15:00:00+00:00,3289.53833,3302.368652,3271.427002,3283.487305,0,0,0,3316.185706,20.60215513,3357.390016,3274.981395,0.417946001,,,
2025-01-22 16:00:00+00:00,3281.302734,3281.302734,3263.238037,3277.325928,0,0,0,3314.681702,22.30445527,3359.290612,3270.072791,0.388220478,,,
2025-01-22 17:00:00+00:00,3277.839111,3286.217285,3274.408203,3285.046387,0,0,0,3312.332764,22.84892304,3358.03061,3266.634918,0.363713751,,,
2025-01-22 18:00:00+00:00,3285.032715,3287.724854,3243.459473,3248.849609,0,0,0,3307.77406,25.92202961,3359.618119,3255.930001,0.487647699,-1,,
2025-01-22 19:00:00+00:00,3251.689941,3277.998291,3251.624512,3261.328857,100063232,0,0,3304.553345,27.52404572,3359.601436,3249.505253,0.460382368,,,
2025-01-22 20:00:00+00:00,3262.678711,3274.869141,3255.046875,3259.924561,0,0,0,3299.548926,25.96451659,3351.477959,3247.619893,0.420752432,,,
2025-01-22 21:00:00+00:00,3255.645996,3263.38501,3242.496582,3257.731445,0,0,0,3296.194409,26.84643986,3349.887289,3242.501529,0.386915442,,,
2025-01-22 22:00:00+00:00,3258.547363,3263.869873,3242.139404,3244.47876,0,0,0,3291.346936,27.00131179,3345.34956,3237.344312,0.377493026,,,
2025-01-22 23:00:00+00:00,3236.336182,3244.879395,3223.966064,3239.299316,0,0,0,3286.738428,27.65074943,3342.039927,3231.436929,0.352019622,,,
2025-01-23 00:00:00+00:00,3241.239502,3258.188477,3238.245605,3256.349609,0,0,0,3283.122131,26.58642519,3336.294982,3229.949281,0.358077138,,,
2025-01-23 01:00:00+00:00,3253.179688,3254.687256,3221.39502,3231.393066,0,0,0,3278.693298,27.48758737,3333.668473,3223.718124,0.404314499,,,
2025-01-23 02:00:00+00:00,3232.751709,3233.591309,3206.04126,3221.51001,432007168,0,0,3274.318103,29.31096767,3332.940038,3215.696168,0.38366837,,,
2025-01-23 03:00:00+00:00,3219.841797,3238.765381,3216.184326,3224.65918,50792448,0,0,3271.099121,31.09035728,3333.279836,3208.918407,0.354951165,,,
2025-01-23 04:00:00+00:00,3224.864014,3227.547363,3186.244873,3194.250977,368259072,0,0,3265.897217,34.78561729,3335.468451,3196.325982,0.438301872,-1,,
2025-01-23 05:00:00+00:00,3194.250977,3217.303223,3194.184082,3212.421875,123621376,0,0,3261.607959,35.86412785,3333.336215,3189.879703,0.438313364,,,
2025-01-23 06:00:00+00:00,3212.438721,3222.424316,3203.655273,3204.911377,64538624,0,0,3256.59762,36.46034047,3329.518301,3183.676939,0.408264979,,,
2025-01-23 07:00:00+00:00,3205.26123,3229.6604,3198.316895,3229.6604,0,0,0,3251.650891,32.69505425,3317.041,3186.260783,0.443825905,,,
2025-01-23 08:00:00+00:00,3229.810547,3230.143555,3208.790527,3209.971191,0,0,0,3246.302197,30.0981396,3306.498476,3186.105918,0.451927538,,,
2025-01-23 09:00:00+00:00,3209.379395,3219.175293,3192.188721,3193.836426,21757952,0,0,3241.693762,30.74825046,3303.190263,3180.197261,0.444211322,,,
2025-01-23 10:00:00+00:00,3194.489014,3209.955566,3189.101318,3198.508301,151670784,0,0,3236.747229,29.22844313,3295.204115,3178.290343,0.408579716,,,
2025-01-23 11:00:00+00:00,3202.188965,3213.384766,3196.912109,3211.36377,122863616,0,0,3233.141052,27.55982105,3288.260694,3178.02141,0.393587776,,,
2025-01-23 12:00:00+00:00,3212.164307,3214.690186,3189.440674,3205.360596,348076032,0,0,3229.542786,26.14919852,3281.841183,3177.244389,0.36716328,,,
2025-01-23 13:00:00+00:00,3202.227051,3236.283447,3202.188477,3236.283447,255094784,0,0,3227.104639,22.75467177,3272.613982,3181.595295,0.44669182,,,
2025-01-23 14:00:00+00:00,3233.546631,3283.987793,3224.543457,3266.699951,909131776,0,0,3227.997156,23.97009095,3275.937338,3180.056974,0.510279138,,,
2025-01-23 15:00:00+00:00,3274.683105,3282.030518,3229.737793,3256.679199,1614237696,0,0,3227.764673,23.65021003,3275.065093,3180.464253,0.475256988,,,
2025-01-23 16:00:00+00:00,3258.605713,3294.887939,3255.047852,3255.521484,738861056,0,0,3227.544519,23.35372067,3274.25196,3180.837078,0.43355238,,,
2025-01-23 17:00:00+00:00,3248.733643,3270.112549,3235.63208,3265.206543,570789888,0,0,3227.918274,23.91532518,3275.748924,3180.087624,0.40688917,,,
2025-01-23 18:00:00+00:00,3266.562012,3268.479248,3237.735596,3244.714844,0,0,0,3227.930078,23.92398606,3275.77805,3180.082106,0.422448421,,,
2025-01-23 19:00:00+00:00,3240.359131,3246.257324,3198.084717,3206.453369,13432832,0,0,3226.287781,24.22790008,3274.743581,3177.831981,0.55753855,,,
2025-01-23 20:00:00+00:00,3206.017578,3293.26416,3200.112793,3248.238037,3254996992,0,0,3225.882202,23.76158115,3273.405364,3178.35904,0.703952761,,,
2025-01-23 21:00:00+00:00,3246.96167,3252.821777,3216.902344,3248.871582,1610514432,0,0,3226.756128,24.29046713,3275.337062,3178.175194,0.629040497,,,
2025-01-23 22:00:00+00:00,3249.724365,3317.992676,3249.724365,3317.361572,1306458112,0,0,3231.548706,31.5669362,3294.682578,3168.414834,1.093368793,1,,
2025-01-23 23:00:00+00:00,3321.698242,3343.199951,3315.251709,3339.853027,534237184,0,0,3237.308398,39.70406122,3316.716521,3157.900276,1.018808804,,,
2025-01-24 00:00:00+00:00,3342.165527,3347.66333,3285.706543,3287.605469,230959104,0,0,3241.976123,39.8628819,3321.701887,3162.250359,1.219057941,,,
2025-01-24 01:00:00+00:00,3286.321289,3324.025391,3286.321289,3297.231201,252774400,0,0,3246.216589,41.04681326,3328.310216,3164.122963,1.078353674,,,
2025-01-24 02:00:00+00:00,3297.574219,3310.504883,3284.230713,3286.035889,177307648,0,0,3250.272815,40.7575459,3331.787907,3168.757723,0.965483602,,,
2025-01-24 03:00:00+00:00,3285.551758,3310.132324,3277.695313,3301.195313,30072832,0,0,3253.849561,41.97414013,3337.797841,3169.90128,0.879176188,,,
2025-01-24 04:00:00+00:00,3302.717285,3334.280029,3294.57373,3334.280029,0,0,0,3260.065002,44.27536741,3348.615737,3171.514268,0.899288944,,,
2025-01-24 05:00:00+00:00,3333.355225,3404.101563,3331.562012,3404.101563,1043830784,0,0,3270.578259,52.00991297,3374.598085,3166.558433,1.324538334,1,,
2025-01-24 06:00:00+00:00,3409.068848,3409.068848,3381.263184,3387.828857,1026940928,0,0,3280.044287,55.32540108,3390.695089,3169.393485,1.191372503,,,
2025-01-24 07:00:00+00:00,3387.194824,3397.17041,3374.335449,3382.724365,206188544,0,0,3288.612317,57.36084413,3403.334005,3173.890629,1.051480646,,,
2025-01-24 08:00:00+00:00,3380.423096,3414.519287,3378.449463,3401.762695,500027392,0,0,3298.432422,59.14234932,3416.717121,3180.147723,0.965870315,,,
2025-01-24 09:00:00+00:00,3401.870605,3409.535645,3394.18335,3400.45874,0,0,0,3306.641187,61.41220966,3429.465606,3183.816767,0.855736223,,,
2025-01-24 10:00:00+00:00,3403.979736,3411.355225,3392.282471,3411.355225,0,0,0,3313.87395,64.8809438,3443.635838,3184.112063,0.771915656,,,
2025-01-24 11:00:00+00:00,3412.743164,3412.75415,3396.560791,3400.465088,391098368,0,0,3321.063245,66.16338111,3453.390007,3188.736482,0.701224244,,,
2025-01-24 12:00:00+00:00,3399.714355,3403.205322,3387.138916,3402.634521,0,0,0,3328.418896,66.66898024,3461.756857,3195.080936,0.626415527,,,
2025-01-24 13:00:00+00:00,3402.913818,3420.9375,3393.28418,3393.576904,0,0,0,3334.837415,66.44195031,3467.721315,3201.953514,0.570885414,,,
2025-01-24 14:00:00+00:00,3396.094971,3419.879639,3384.577393,3401.626709,0,0,0,3342.683008,64.47512285,3471.633254,3213.732762,0.518986621,,,
2025-01-24 15:00:00+00:00,3400.783936,3405.041992,3361.817139,3384.489014,0,0,0,3351.58479,56.46991793,3464.524626,3238.644954,0.502971299,,,
2025-01-24 16:00:00+00:00,3383.801514,3396.056641,3381.403076,3381.722168,0,0,0,3358.258997,51.26042412,3460.779845,3255.738148,0.455102005,,,
2025-01-24 17:00:00+00:00,3381.315918,3404.514404,3378.80127,3398.718018,0,0,0,3365.751318,44.99919225,3455.749703,3275.752934,0.444629616,,,
2025-01-24 18:00:00+00:00,3398.635742,3406.943359,3377.147949,3379.292969,54642688,0,0,3368.847888,43.60326679,3456.054422,3281.641355,0.448721362,,,
2025-01-24 19:00:00+00:00,3382.351318,3394.591064,3367.821045,3369.271484,46430208,0,0,3370.318811,43.06656893,3456.451949,3284.185673,0.420521673,,,
2025-01-24 20:00:00+00:00,3369.148193,3378.302734,3331.719238,3337.936768,0,0,0,3372.835376,39.28324646,3451.401869,3294.268883,0.496226748,,,
2025-01-24 21:00:00+00:00,3335.025146,3344.950195,3326.0271,3329.928711,0,0,0,3374.470251,36.5569706,3447.584193,3301.35631,0.458119557,,,
2025-01-24 22:00:00+00:00,3329.943848,3335.577148,3324.763184,3325.3125,0,0,0,3376.434082,32.37164556,3441.177373,3311.690791,0.42021426,,,
2025-01-24 23:00:00+00:00,3325.186768,3325.186768,3306.871094,3308.550293,0,0,0,3376.801831,31.5020274,3439.805886,3313.797776,0.417475229,1,,
2025-01-25 00:00:00+00:00,3309.755371,3311.4646,3275.860107,3275.860107,81424384,0,0,3373.880835,37.74266081,3449.366157,3298.395513,0.505498171,,,
2025-01-25 01:00:00+00:00,3271.083252,3303.904053,3271.083252,3294.48291,0,0,0,3368.399902,40.94642591,3450.292754,3286.507051,0.495999917,,,
2025-01-25 02:00:00+00:00,3294.5625,3301.630127,3291.532471,3294.813477,0,0,0,3363.749133,43.80607433,3451.361282,3276.136985,0.450735579,,,
2025-01-25 03:00:00+00:00,3294.667236,3320.634033,3293.481934,3320.634033,0,0,0,3360.644617,44.58378439,3449.812185,3271.477048,0.483081051,,,
2025-01-25 04:00:00+00:00,3318.178955,3318.178955,3298.105713,3298.105713,0,0,0,3355.461768,45.56645949,3446.594687,3264.328849,0.496920165,,,
2025-01-25 05:00:00+00:00,3298.794678,3300.766357,3289.224609,3295.961426,0,0,0,3350.236902,46.1230169,3442.482936,3257.990868,0.452232451,,,
2025-01-25 06:00:00+00:00,3296.473145,3300.662598,3284.956299,3290.75708,0,0,0,3344.206995,45.59231541,3435.391625,3253.022364,0.416394021,,,
2025-01-25 07:00:00+00:00,3289.518799,3293.80835,3284.798096,3290.080078,0,0,0,3338.687744,45.1022422,3428.892229,3248.48326,0.38213927,,,
2025-01-25 08:00:00+00:00,3289.374512,3299.465576,3283.217041,3290.134033,0,0,0,3333.06272,43.70082939,3420.464379,3245.661061,0.352295522,,,
2025-01-25 09:00:00+00:00,3290.259521,3290.259521,3281.884521,3285.033936,0,0,0,3327.635571,42.51390241,3412.663376,3242.607766,0.329670279,,,
2025-01-25 10:00:00+00:00,3282.589355,3293.074707,3274.053955,3293.074707,0,0,0,3322.207971,39.38460432,3400.97718,3243.438763,0.313443934,,,
2025-01-25 11:00:00+00:00,3295.272217,3308.870117,3291.831543,3308.843018,0,0,0,3318.425671,36.62424563,3391.674163,3245.17718,0.319805938,,,
2025-01-25 12:00:00+00:00,3306.61084,3306.61084,3295.769775,3303.408203,0,0,0,3314.509973,33.55890031,3381.627774,3247.392173,0.302035443,,,
2025-01-25 13:00:00+00:00,3304.0896,3308.760986,3301.611084,3307.237549,0,0,0,3309.93595,27.08782559,3364.111601,3255.760299,0.28411781,,,
2025-01-25 14:00:00+00:00,3307.141113,3316.954102,3299.62207,3316.831299,0,0,0,3306.812866,21.74412485,3350.301116,3263.324617,0.276956207,,,
2025-01-25 15:00:00+00:00,3315.945068,3342.666504,3310.568359,3336.77417,0,0,0,3305.188,17.6622245,3340.512449,3269.863551,0.304322901,,,
2025-01-25 16:00:00+00:00,3335.726563,3345.727783,3332.66748,3338.976563,0,0,0,3305.23999,17.76492764,3340.769846,3269.710135,0.285170979,,,
2025-01-25 17:00:00+00:00,3341.634766,3344.526855,3332.166992,3342.43335,0,0,0,3305.865222,18.86552855,3343.596279,3268.134165,0.269153554,,,
2025-01-25 18:00:00+00:00,3343.783936,3346.279053,3335.924316,3340.40918,0,0,0,3306.620056,19.95514454,3346.530345,3266.709767,0.254760914,,,
2025-01-25 19:00:00+00:00,3341.033691,3342.822021,3336.282715,3339.159424,0,0,0,3308.150513,21.24318686,3350.636886,3265.664139,0.241758535,,,
2025-01-25 20:00:00+00:00,3339.159424,3348.990723,3336.574219,3336.574219,0,0,0,3311.186218,20.71754075,3352.6213,3269.751137,0.231038128,,,
2025-01-25 21:00:00+00:00,3336.840332,3341.408691,3333.061768,3339.929199,0,0,0,3313.458533,21.27390741,3356.006348,3270.910718,0.221513201,,,
2025-01-25 22:00:00+00:00,3339.631104,3343.637939,3333.903564,3334.331055,0,0,0,3315.434412,21.28620222,3358.006816,3272.862007,0.216432866,,,
2025-01-25 23:00:00+00:00,3334.769043,3334.769043,3316.064453,3316.064453,0,0,0,3315.205933,21.25195041,3357.709833,3272.702032,0.249067542,,,
2025-01-26 00:00:00+00:00,3317.262939,3326.526611,3315.006348,3321.326172,0,0,0,3316.366956,20.89994064,3358.166837,3274.567074,0.23887495,,,
2025-01-26 01:00:00+00:00,3321.231689,3336.300049,3319.133789,3329.867432,0,0,0,3318.062256,20.52948996,3359.121236,3277.003276,0.235116856,,,
2025-01-26 02:00:00+00:00,3330.436768,3330.436768,3319.076172,3323.320068,0,0,0,3319.690405,19.51624662,3358.722899,3280.657912,0.22949374,,,
2025-01-26 03:00:00+00:00,3325.627441,3347.002197,3325.627441,3337.239746,0,0,0,3322.048389,18.57672559,3359.20184,3284.894937,0.240765436,,,
2025-01-26 04:00:00+00:00,3338.039063,3359.152832,3336.891357,3354.110107,220875776,0,0,3325.247192,18.29808842,3361.843369,3288.651016,0.260415263,,,
2025-01-26 05:00:00+00:00,3351.389648,3351.389648,3338.34082,3341.295898,10655744,0,0,3328.060291,15.96668452,3359.99366,3296.126921,0.266072623,,,
2025-01-26 06:00:00+00:00,3341.606934,3345.354492,3338.686768,3341.408203,0,0,0,3330.476965,13.91919283,3358.315351,3302.63858,0.250469193,,,
2025-01-26 07:00:00+00:00,3341.838379,3343.479248,3332.358643,3338.01416,0,0,0,3331.935522,13.03309247,3358.001707,3305.869338,0.238618755,,,
2025-01-26 08:00:00+00:00,3338.06665,3340.656006,3325.591553,3330.716553,89849856,0,0,3333.30094,11.18683231,3355.674605,3310.927275,0.233609376,,,
2025-01-26 09:00:00+00:00,3331.190186,3331.190186,3295.828369,3296.563721,234103808,0,0,3332.767249,12.65407261,3358.075394,3307.459103,0.360681543,-1,,
2025-01-26 10:00:00+00:00,3297.827881,3305.942139,3297.527832,3303.927246,0,0,0,3332.122046,13.7875822,3359.69721,3304.546881,0.337601152,,,
2025-01-26 11:00:00+00:00,3305.580322,3314.859619,3303.511963,3311.84082,89970688,0,0,3330.875378,14.45583709,3359.787053,3301.963704,0.3188879,,,
2025-01-26 12:00:00+00:00,3311.765381,3311.765381,3300.595459,3307.231445,0,0,0,3329.288123,15.24099744,3359.770117,3298.806128,0.299064499,,,
2025-01-26 13:00:00+00:00,3307.28833,3308.513184,3301.307129,3306.807373,278262784,0,0,3327.506824,15.69880762,3358.904439,3296.109208,0.279281222,,,
2025-01-26 14:00:00+00:00,3307.198486,3311.925537,3298.480957,3311.815674,0,0,0,3326.077148,15.76381703,3357.604782,3294.549514,0.264608359,,,
2025-01-26 15:00:00+00:00,3311.286621,3319.210449,3309.356201,3314.676758,0,0,0,3324.853015,15.64459475,3356.142205,3293.563826,0.250005958,,,
2025-01-26 16:00:00+00:00,3315.287109,3318.474609,3309.808838,3317.689453,0,0,0,3323.908777,15.46883427,3354.846445,3292.971108,0.237310225,,,
2025-01-26 17:00:00+00:00,3315.608154,3342.896729,3315.608154,3337.228271,0,0,0,3323.77373,15.33280297,3354.439336,3293.108125,0.267758692,,,
2025-01-26 18:00:00+00:00,3337.036133,3341.992188,3335.896484,3336.912842,25588736,0,0,3323.90282,15.4368799,3354.77658,3293.02906,0.251916727,,,
2025-01-26 19:00:00+00:00,3338.355225,3341.194336,3331.052002,3338.106445,171516928,0,0,3325.004919,15.63339623,3356.271712,3293.738127,0.238115249,,,
2025-01-26 20:00:00+00:00,3338.613281,3341.154297,3328.171631,3328.171631,0,0,0,3325.347192,15.62354892,3356.59429,3294.100095,0.238322087,,,
2025-01-26 21:00:00+00:00,3329.437256,3329.437256,3294.672852,3299.622803,288335872,0,0,3323.834961,16.59642498,3357.027811,3290.642111,0.321676249,,,
2025-01-26 22:00:00+00:00,3298.339111,3307.805908,3285.741943,3293.182129,540316672,0,0,3322.328064,17.95799389,3358.244052,3286.412076,0.303753157,,,
2025-01-26 23:00:00+00:00,3289.21875,3289.21875,3234.585693,3237.169922,1538119680,0,0,3317.324573,25.80917193,3368.942917,3265.706229,0.654830852,-1,,
2025-01-27 00:00:00+00:00,3233.391113,3249.438232,3211.254395,3211.254395,1415160832,0,0,3310.181787,33.66512577,3377.512039,3242.851536,0.670988691,,,
2025-01-27 01:00:00+00:00,3212.988037,3218.177734,3194.288818,3200.870361,1414603776,0,0,3303.16051,40.73560868,3384.631728,3221.689293,0.611762895,,,
2025-01-27 02:00:00+00:00,3197.699463,3197.699463,3166.154053,3166.154053,1677266944,0,0,3294.397803,49.89493647,3394.187676,3194.60793,0.702544357,,,
2025-01-27 03:00:00+00:00,3168.655518,3195.428711,3164.207764,3182.691162,675276800,0,0,3286.631653,54.61362576,3395.858904,3177.404401,0.658808943,,,
2025-01-27 04:00:00+00:00,3182.37915,3182.37915,3156.161377,3156.161377,429234176,0,0,3277.903894,60.79553882,3399.494972,3156.312816,0.679138433,-1,,
2025-01-27 05:00:00+00:00,3156.059082,3159.981201,3116.678223,3139.077881,1260584960,0,0,3270.029602,68.02098615,3406.071574,3133.98763,0.643722403,,,
2025-01-27 06:00:00+00:00,3138.921631,3146.349609,3079.246582,3079.246582,1651712000,0,0,3258.795569,79.68202498,3418.159619,3099.431519,1.055172819,-1,,
2025-01-27 07:00:00+00:00,3081.945801,3086.955566,3024.442139,3072.339355,3441649664,0,0,3246.820496,88.76917146,3424.358839,3069.282153,0.931102789,,,
2025-01-27 08:00:00+00:00,3069.698975,3071.335938,3040.013428,3062.619873,966641664,0,0,3234.589917,96.5205175,3427.630952,3041.548882,0.833811133,,,
2025-01-27 09:00:00+00:00,3064.253906,3087.141846,3061.956543,3080.76709,675450880,0,0,3223.287903,100.7601076,3424.808118,3021.767688,0.781232644,,,
2025-01-27 10:00:00+00:00,3079.637695,3079.637695,3036.209473,3042.371094,728213504,0,0,3209.815674,106.1684592,3422.152592,2997.478755,0.895669071,,,
2025-01-27 11:00:00+00:00,3036.854492,3072.862305,3036.854492,3061.999756,838756352,0,0,3197.181824,108.0507941,3413.283412,2981.080235,0.842135052,,,
2025-01-27 12:00:00+00:00,3059.381104,3116.602539,3055.346191,3107.947754,1149120512,0,0,3186.694739,105.8960661,3398.486871,2974.902607,1.026955548,,,
2025-01-27 13:00:00+00:00,3104.053467,3131.51123,3091.689453,3104.92749,1389256704,0,0,3175.0797,101.1494245,3377.378549,2972.780851,0.903623732,,,
2025-01-27 14:00:00+00:00,3101.359375,3145.113525,3085.79541,3145.113525,1580386304,0,0,3165.489734,93.82558631,3353.140907,2977.838561,1.006953472,,,
2025-01-27 15:00:00+00:00,3139.462646,3149.902588,3116.566895,3138.81543,1161809920,0,0,3155.525183,84.66364294,3324.852469,2986.197897,0.891092666,,,
2025-01-27 16:00:00+00:00,3131.467041,3131.467041,3076.804932,3076.804932,965677056,0,0,3142.956848,75.88826186,3294.733372,2991.180324,1.304754129,,,
2025-01-27 17:00:00+00:00,3082.513672,3096.5354,3071.028076,3072.789551,766095360,0,0,3131.615186,67.75656874,3267.128323,2996.102048,1.141653912,,,
2025-01-27 18:00:00+00:00,3073.298584,3084.729248,3052.062988,3052.062988,674099200,0,0,3119.559229,58.28507638,3236.129381,3002.989076,1.06155319,,,
2025-01-27 19:00:00+00:00,3053.312256,3077.157471,3053.312256,3071.841797,763101184,0,0,3111.292822,52.12528485,3215.543392,3007.042253,0.984904075,,,
2025-01-27 20:00:00+00:00,3073.366455,3147.12793,3073.366455,3147.12793,1203474432,0,0,3108.086499,47.41201819,3202.910535,3013.262463,1.619830615,,,
2025-01-27 21:00:00+00:00,3145.659424,3230.340088,3145.659424,3161.725098,1464680448,0,0,3106.129236,44.07035433,3194.269945,3017.988527,1.4361279,,,
2025-01-27 22:00:00+00:00,3158.832764,3179.078125,3149.512695,3173.094971,167931904,0,0,3106.476282,44.5921569,3195.660596,3017.291968,1.269692923,,,
2025-01-27 23:00:00+00:00,3170.762207,3177.043945,3161.831055,3177.043945,0,0,0,3106.193921,44.09931452,3194.39255,3017.995292,1.114015645,,,
2025-01-28 00:00:00+00:00,3181.684326,3201.994629,3166.295898,3167.84082,0,0,0,3106.777893,44.86647696,3196.510847,3017.044939,0.990347751,,,
2025-01-28 01:00:00+00:00,3166.502197,3175.350342,3153.454102,3167.353271,0,0,0,3108.191663,46.35851521,3200.908693,3015.474632,0.872556277,,,
2025-01-28 02:00:00+00:00,3166.720459,3197.997559,3166.720459,3191.466064,0,0,0,3113.802637,49.36452723,3212.531691,3015.073582,0.843324174,,,
2025-01-28 03:00:00+00:00,3192.179443,3215.804199,3178.760986,3203.27832,0,0,0,3120.349585,52.17870006,3224.706985,3015.992185,0.762494467,,,
2025-01-28 04:00:00+00:00,3204.607666,3222.529053,3198.033447,3212.178223,36052992,0,0,3127.827502,54.14945795,3236.126418,3019.528587,0.685048833,,,
2025-01-28 05:00:00+00:00,3213.55249,3220.794922,3209.837646,3211.532227,0,0,0,3134.365759,56.03003635,3246.425832,3022.305687,0.608407256,,,
2025-01-28 06:00:00+00:00,3212.516113,3214.969482,3194.661621,3194.661621,0,0,0,3141.980286,53.14374089,3248.267767,3035.692804,0.581377381,,,
2025-01-28 07:00:00+00:00,3194.796143,3214.27002,3190.94458,3195.626709,0,0,0,3148.661633,50.91227345,3250.48618,3046.837086,0.51887277,,,
2025-01-28 08:00:00+00:00,3196.198242,3204.43457,3184.848389,3198.227539,0,0,0,3153.175623,51.11430392,3255.40423,3050.947015,0.465209563,,,
2025-01-28 09:00:00+00:00,3198.228516,3200.349121,3185.10376,3197.062256,0,0,0,3157.782361,50.68711182,3259.156584,3056.408137,0.418368919,,,
2025-01-28 10:00:00+00:00,3195.748047,3204.927246,3190.895752,3194.921631,0,0,0,3160.272766,51.25235112,3262.777468,3057.768064,0.378606972,,,
2025-01-28 11:00:00+00:00,3194.746826,3199.293457,3180.593506,3187.526367,0,0,0,3162.708313,51.33633684,3265.380987,3060.035639,0.352803608,,,
2025-01-28 12:00:00+00:00,3186.939453,3195.152832,3168.450928,3173.530029,0,0,0,3167.544568,47.20777228,3261.960112,3073.129023,0.352309098,,,
2025-01-28 13:00:00+00:00,3174.469238,3187.560547,3172.039795,3174.82251,0,0,0,3172.646216,41.61023435,3255.866685,3089.425747,0.322678329,,,
2025-01-28 14:00:00+00:00,3174.670166,3177.1604,3159.303711,3176.334717,6465536,0,0,3178.859802,30.43365312,3239.727108,3117.992496,0.297490358,,,
2025-01-28 15:00:00+00:00,3176.77002,3211.329346,3175.47583,3175.47583,780265472,0,0,3184.041504,17.19781926,3218.437142,3149.645865,0.276106482,,,
2025-01-28 16:00:00+00:00,3181.534668,3181.534668,3156.2854,3162.552979,758384640,0,0,3184.812756,15.7392953,3216.291347,3153.334166,,,,
